服务分类,前台一级,前台二级,服务分类slug,前台一级slug,前台二级slug,路径
家电维修,常用家电,空调,jiadianweixiu,changyongjiadian,kongtiao,jiadianweixiu/changyongjiadian/kongtiao.md
家电维修,常用家电,洗衣机,jiadianweixiu,changyongjiadian,xiyiji,jiadianweixiu/changyongjiadian/xiyiji.md
家电维修,常用家电,电视,jiadianweixiu,changyongjiadian,dianshi,jiadianweixiu/changyongjiadian/dianshi.md
家电维修,常用家电,燃气灶,jiadianweixiu,changyongjiadian,ranqizao,jiadianweixiu/changyongjiadian/ranqizao.md
家电维修,常用家电,冰箱,jiadianweixiu,changyongjiadian,bingxiang,jiadianweixiu/changyongjiadian/bingxiang.md
家电维修,常用家电,热水器,jiadianweixiu,changyongjiadian,reshuiqi,jiadianweixiu/changyongjiadian/reshuiqi.md
家电维修,常用家电,油烟机,jiadianweixiu,changyongjiadian,youyanji,jiadianweixiu/changyongjiadian/youyanji.md
家电维修,常用家电,微波炉,jiadianweixiu,changyongjiadian,weibolu,jiadianweixiu/changyongjiadian/weibolu.md
家电维修,常用家电,饮水机,jiadianweixiu,changyongjiadian,yinshuiji,jiadianweixiu/changyongjiadian/yinshuiji.md
家电维修,生活电器,净水器,jiadianweixiu,shenghuodianqi,jingshuiqi,jiadianweixiu/shenghuodianqi/jingshuiqi.md
家电维修,生活电器,空调扇,jiadianweixiu,shenghuodianqi,kongtiaoshan,jiadianweixiu/shenghuodianqi/kongtiaoshan.md
家电维修,生活电器,吸尘器,jiadianweixiu,shenghuodianqi,xichenqi,jiadianweixiu/shenghuodianqi/xichenqi.md
家电维修,生活电器,健身器械,jiadianweixiu,shenghuodianqi,jianshenqixie,jiadianweixiu/shenghuodianqi/jianshenqixie.md
家电维修,生活电器,洗地机,jiadianweixiu,shenghuodianqi,xidiji,jiadianweixiu/shenghuodianqi/xidiji.md
家电维修,生活电器,扫地机器人,jiadianweixiu,shenghuodianqi,saodijiqiren,jiadianweixiu/shenghuodianqi/saodijiqiren.md
家电维修,生活电器,地暖,jiadianweixiu,shenghuodianqi,dinuan,jiadianweixiu/shenghuodianqi/dinuan.md
家电维修,生活电器,按摩椅,jiadianweixiu,shenghuodianqi,anmoyi,jiadianweixiu/shenghuodianqi/anmoyi.md
家电维修,生活电器,烘干机,jiadianweixiu,shenghuodianqi,hongganji,jiadianweixiu/shenghuodianqi/hongganji.md
家电维修,生活电器,除湿机,jiadianweixiu,shenghuodianqi,chushiji,jiadianweixiu/shenghuodianqi/chushiji.md
家电维修,生活电器,空气净化器,jiadianweixiu,shenghuodianqi,kongqijinghuaqi,jiadianweixiu/shenghuodianqi/kongqijinghuaqi.md
家电维修,生活电器,影音娱乐,jiadianweixiu,shenghuodianqi,yingyinyule,jiadianweixiu/shenghuodianqi/yingyinyule.md
家电维修,生活电器,风幕机,jiadianweixiu,shenghuodianqi,fengmuji,jiadianweixiu/shenghuodianqi/fengmuji.md
家电维修,生活电器,吹风机,jiadianweixiu,shenghuodianqi,chuifengji,jiadianweixiu/shenghuodianqi/chuifengji.md
家电维修,生活电器,取暖器,jiadianweixiu,shenghuodianqi,qunuanqi,jiadianweixiu/shenghuodianqi/qunuanqi.md
家电维修,生活电器,甩干机,jiadianweixiu,shenghuodianqi,shuaiganji,jiadianweixiu/shenghuodianqi/shuaiganji.md
家电维修,生活电器,平衡车,jiadianweixiu,shenghuodianqi,pinghengche,jiadianweixiu/shenghuodianqi/pinghengche.md
家电维修,生活电器,干洗机,jiadianweixiu,shenghuodianqi,ganxiji,jiadianweixiu/shenghuodianqi/ganxiji.md
家电维修,生活电器,回水器,jiadianweixiu,shenghuodianqi,huishuiqi,jiadianweixiu/shenghuodianqi/huishuiqi.md
家电维修,厨房电器,电饭煲,jiadianweixiu,chufangdianqi,dianfanbao,jiadianweixiu/chufangdianqi/dianfanbao.md
家电维修,厨房电器,消毒柜,jiadianweixiu,chufangdianqi,xiaodugui,jiadianweixiu/chufangdianqi/xiaodugui.md
家电维修,厨房电器,咖啡机,jiadianweixiu,chufangdianqi,kafeiji,jiadianweixiu/chufangdianqi/kafeiji.md
家电维修,厨房电器,洗碗机,jiadianweixiu,chufangdianqi,xiwanji,jiadianweixiu/chufangdianqi/xiwanji.md
家电维修,厨房电器,破壁机,jiadianweixiu,chufangdianqi,pobiji,jiadianweixiu/chufangdianqi/pobiji.md
家电维修,厨房电器,豆浆机,jiadianweixiu,chufangdianqi,doujiangji,jiadianweixiu/chufangdianqi/doujiangji.md
家电维修,厨房电器,烤箱,jiadianweixiu,chufangdianqi,kaoxiang,jiadianweixiu/chufangdianqi/kaoxiang.md
家电维修,厨房电器,空气炸锅,jiadianweixiu,chufangdianqi,kongqizhaguo,jiadianweixiu/chufangdianqi/kongqizhaguo.md
家电维修,厨房电器,蒸包机,jiadianweixiu,chufangdianqi,zhengbaoji,jiadianweixiu/chufangdianqi/zhengbaoji.md
家电维修,制冷设备,冰柜,jiadianweixiu,zhilengshebei,binggui,jiadianweixiu/zhilengshebei/binggui.md
家电维修,制冷设备,冷藏展示柜,jiadianweixiu,zhilengshebei,lengcangzhanshigui,jiadianweixiu/zhilengshebei/lengcangzhanshigui.md
家电维修,制冷设备,自动售卖机,jiadianweixiu,zhilengshebei,zidongshoumaiji,jiadianweixiu/zhilengshebei/zidongshoumaiji.md
家电维修,乐器,钢琴,jiadianweixiu,yueqi,gangqin,jiadianweixiu/yueqi/gangqin.md
家电维修,乐器,吉他,jiadianweixiu,yueqi,jita,jiadianweixiu/yueqi/jita.md
家电维修,乐器,古筝,jiadianweixiu,yueqi,guzheng,jiadianweixiu/yueqi/guzheng.md
水电维修,灯具电路,灯具,shuidianweixiu,dengjudianlu,dengju,shuidianweixiu/dengjudianlu/dengju.md
水电维修,灯具电路,电路,shuidianweixiu,dengjudianlu,dianlu,shuidianweixiu/dengjudianlu/dianlu.md
水电维修,灯具电路,墙面取孔,shuidianweixiu,dengjudianlu,qiangmianqukong,shuidianweixiu/dengjudianlu/qiangmianqukong.md
水电维修,龙头管件,水管,shuidianweixiu,longtouguanjian,shuiguan,shuidianweixiu/longtouguanjian/shuiguan.md
水电维修,龙头管件,龙头,shuidianweixiu,longtouguanjian,longtou,shuidianweixiu/longtouguanjian/longtou.md
水电维修,龙头管件,阀门,shuidianweixiu,longtouguanjian,famen,shuidianweixiu/longtouguanjian/famen.md
水电维修,卫浴洁具,马桶,shuidianweixiu,weiyujieju,matong,shuidianweixiu/weiyujieju/matong.md
水电维修,卫浴洁具,换气扇,shuidianweixiu,weiyujieju,huanqishan,shuidianweixiu/weiyujieju/huanqishan.md
水电维修,卫浴洁具,蹲便器,shuidianweixiu,weiyujieju,dunbianqi,shuidianweixiu/weiyujieju/dunbianqi.md
水电维修,卫浴洁具,小便器,shuidianweixiu,weiyujieju,xiaobianqi,shuidianweixiu/weiyujieju/xiaobianqi.md
水电维修,五金挂件,晾衣杆,shuidianweixiu,wujinguajian,liangyigan,shuidianweixiu/wujinguajian/liangyigan.md
水电维修,五金挂件,窗帘浴帘,shuidianweixiu,wujinguajian,chuanglianyulian,shuidianweixiu/wujinguajian/chuanglianyulian.md
水电维修,五金挂件,其他挂件,shuidianweixiu,wujinguajian,qitaguajian,shuidianweixiu/wujinguajian/qitaguajian.md
水电维修,厨卫洁具,洗手盆,shuidianweixiu,chuweijieju,xishoupen,shuidianweixiu/chuweijieju/xishoupen.md
水电维修,厨卫洁具,淋浴花洒,shuidianweixiu,chuweijieju,linyuhuasa,shuidianweixiu/chuweijieju/linyuhuasa.md
水电维修,厨卫洁具,洗菜盆,shuidianweixiu,chuweijieju,xicaipen,shuidianweixiu/chuweijieju/xicaipen.md
水电维修,厨卫洁具,洗漱台,shuidianweixiu,chuweijieju,xishutai,shuidianweixiu/chuweijieju/xishutai.md
水电维修,厨卫洁具,浴室柜,shuidianweixiu,chuweijieju,yushigui,shuidianweixiu/chuweijieju/yushigui.md
水电维修,厨卫洁具,浴缸,shuidianweixiu,chuweijieju,yugang,shuidianweixiu/chuweijieju/yugang.md
水电维修,厨卫洁具,过滤器,shuidianweixiu,chuweijieju,guolvqi,shuidianweixiu/chuweijieju/guolvqi.md
水电维修,厨卫洁具,洗衣槽,shuidianweixiu,chuweijieju,xiyicao,shuidianweixiu/chuweijieju/xiyicao.md
水电维修,厨卫洁具,洗脸盆,shuidianweixiu,chuweijieju,xilianpen,shuidianweixiu/chuweijieju/xilianpen.md
水电维修,厨卫洁具,淋浴房,shuidianweixiu,chuweijieju,linyufang,shuidianweixiu/chuweijieju/linyufang.md
家电清洗,常用家电,空调,jiadianqingxi,changyongjiadian,kongtiao,jiadianqingxi/changyongjiadian/kongtiao.md
家电清洗,常用家电,洗衣机,jiadianqingxi,changyongjiadian,xiyiji,jiadianqingxi/changyongjiadian/xiyiji.md
家电清洗,常用家电,油烟机,jiadianqingxi,changyongjiadian,youyanji,jiadianqingxi/changyongjiadian/youyanji.md
家电清洗,常用家电,热水器,jiadianqingxi,changyongjiadian,reshuiqi,jiadianqingxi/changyongjiadian/reshuiqi.md
家电清洗,常用家电,冰箱,jiadianqingxi,changyongjiadian,bingxiang,jiadianqingxi/changyongjiadian/bingxiang.md
家电清洗,常用家电,深度清洗,jiadianqingxi,changyongjiadian,shenduqingxi,jiadianqingxi/changyongjiadian/shenduqingxi.md
家电清洗,常用家电,燃气灶,jiadianqingxi,changyongjiadian,ranqizao,jiadianqingxi/changyongjiadian/ranqizao.md
家电清洗,常用家电,饮水机,jiadianqingxi,changyongjiadian,yinshuiji,jiadianqingxi/changyongjiadian/yinshuiji.md
家电清洗,常用家电,滚筒拆洗,jiadianqingxi,changyongjiadian,guntongchaixi,jiadianqingxi/changyongjiadian/guntongchaixi.md
家电清洗,常用家电,微波炉,jiadianqingxi,changyongjiadian,weibolu,jiadianqingxi/changyongjiadian/weibolu.md
家电清洗,常用家电,空调拆洗,jiadianqingxi,changyongjiadian,kongtiaochaixi,jiadianqingxi/changyongjiadian/kongtiaochaixi.md
家电清洗,常用家电,蓝光清洗,jiadianqingxi,changyongjiadian,languangqingxi,jiadianqingxi/changyongjiadian/languangqingxi.md
家电清洗,清洗套餐,厨房套餐,jiadianqingxi,qingxitaocan,chufangtaocan,jiadianqingxi/qingxitaocan/chufangtaocan.md
家电清洗,清洗套餐,任意组合套餐,jiadianqingxi,qingxitaocan,renyizuhetaocan,jiadianqingxi/qingxitaocan/renyizuhetaocan.md
家电清洗,清洗套餐,任选两件清洗,jiadianqingxi,qingxitaocan,renxuanliangjianqingxi,jiadianqingxi/qingxitaocan/renxuanliangjianqingxi.md
家电清洗,清洗套餐,任选三件清洗,jiadianqingxi,qingxitaocan,renxuansanjianqingxi,jiadianqingxi/qingxitaocan/renxuansanjianqingxi.md
家电清洗,清洗套餐,空调套餐,jiadianqingxi,qingxitaocan,kongtiaotaocan,jiadianqingxi/qingxitaocan/kongtiaotaocan.md
家电清洗,家居清洗,沙发清洗,jiadianqingxi,jiajuqingxi,shafaqingxi,jiadianqingxi/jiajuqingxi/shafaqingxi.md
家电清洗,家居清洗,窗帘清洗,jiadianqingxi,jiajuqingxi,chuanglianqingxi,jiadianqingxi/jiajuqingxi/chuanglianqingxi.md
家电清洗,家居清洗,床垫清洗,jiadianqingxi,jiajuqingxi,chuangdianqingxi,jiadianqingxi/jiajuqingxi/chuangdianqingxi.md
家电清洗,精细擦窗,擦窗服务,jiadianqingxi,jingxicachuang,cachuangfuwu,jiadianqingxi/jingxicachuang/cachuangfuwu.md
家电清洗,生活电器,地暖,jiadianqingxi,shenghuodianqi,dinuan,jiadianqingxi/shenghuodianqi/dinuan.md
家电清洗,生活电器,壁挂炉,jiadianqingxi,shenghuodianqi,bigualu,jiadianqingxi/shenghuodianqi/bigualu.md
家电清洗,生活电器,暖气片,jiadianqingxi,shenghuodianqi,nuanqipian,jiadianqingxi/shenghuodianqi/nuanqipian.md
家电清洗,清洗多次卡,空调卫士卡,jiadianqingxi,qingxiduocika,kongtiaoweishika,jiadianqingxi/qingxiduocika/kongtiaoweishika.md
家电清洗,清洗多次卡,厨房轻享卡,jiadianqingxi,qingxiduocika,chufangqingxiangka,jiadianqingxi/qingxiduocika/chufangqingxiangka.md
家电清洗,清洗多次卡,健康管家卡,jiadianqingxi,qingxiduocika,jiankangguanjiaka,jiadianqingxi/qingxiduocika/jiankangguanjiaka.md
家电清洗,清洗多次卡,全屋服务卡,jiadianqingxi,qingxiduocika,quanwufuwuka,jiadianqingxi/qingxiduocika/quanwufuwuka.md
门窗维保,门窗维修,铝合金窗维修,menchuangweibao,menchuangweixiu,lvhejinchuangweixiu,menchuangweibao/menchuangweixiu/lvhejinchuangweixiu.md
门窗维保,门窗维修,推拉门维修,menchuangweibao,menchuangweixiu,tuilamenweixiu,menchuangweibao/menchuangweixiu/tuilamenweixiu.md
门窗维保,门窗维修,木门维修,menchuangweibao,menchuangweixiu,mumenweixiu,menchuangweibao/menchuangweixiu/mumenweixiu.md
门窗维保,门窗维修,纱窗维修,menchuangweibao,menchuangweixiu,shachuangweixiu,menchuangweibao/menchuangweixiu/shachuangweixiu.md
门窗维保,门窗维修,门窗玻璃更换,menchuangweibao,menchuangweixiu,menchuangboligenghuan,menchuangweibao/menchuangweixiu/menchuangboligenghuan.md
门窗维保,门窗维修,玻璃门维修,menchuangweibao,menchuangweixiu,bolimenweixiu,menchuangweibao/menchuangweixiu/bolimenweixiu.md
门窗维保,门窗维修,防盗门维修,menchuangweibao,menchuangweixiu,fangdaomenweixiu,menchuangweibao/menchuangweixiu/fangdaomenweixiu.md
门窗维保,门窗维修,铝合金门维修,menchuangweibao,menchuangweixiu,lvhejinmenweixiu,menchuangweibao/menchuangweixiu/lvhejinmenweixiu.md
门窗维保,门窗维修,塑料钢窗维修,menchuangweibao,menchuangweixiu,suliaogangchuangweixiu,menchuangweibao/menchuangweixiu/suliaogangchuangweixiu.md
门窗维保,门窗维修,卷帘门维修,menchuangweibao,menchuangweixiu,juanlianmenweixiu,menchuangweibao/menchuangweixiu/juanlianmenweixiu.md
门窗维保,门窗维修,淋浴房/隔断维修,menchuangweibao,menchuangweixiu,linyufang-geduanweixiu,menchuangweibao/menchuangweixiu/linyufang-geduanweixiu.md
门窗维保,门窗维修,塑料钢门维修,menchuangweibao,menchuangweixiu,suliaogangmenweixiu,menchuangweibao/menchuangweixiu/suliaogangmenweixiu.md
门窗维保,门窗维修,折叠门维修,menchuangweibao,menchuangweixiu,zhediemenweixiu,menchuangweibao/menchuangweixiu/zhediemenweixiu.md
门窗维保,门窗维修,木窗维修,menchuangweibao,menchuangweixiu,muchuangweixiu,menchuangweibao/menchuangweixiu/muchuangweixiu.md
门窗维保,门窗维修,防火门维修,menchuangweibao,menchuangweixiu,fanghuomenweixiu,menchuangweibao/menchuangweixiu/fanghuomenweixiu.md
门窗维保,门窗维修,旋转门维修,menchuangweibao,menchuangweixiu,xuanzhuanmenweixiu,menchuangweibao/menchuangweixiu/xuanzhuanmenweixiu.md
门窗维保,门窗拆装,木门拆装,menchuangweibao,menchuangchaizhuang,mumenchaizhuang,menchuangweibao/menchuangchaizhuang/mumenchaizhuang.md
门窗维保,门窗拆装,铝合金窗拆装,menchuangweibao,menchuangchaizhuang,lvhejinchuangchaizhuang,menchuangweibao/menchuangchaizhuang/lvhejinchuangchaizhuang.md
门窗维保,门窗拆装,防盗门拆装,menchuangweibao,menchuangchaizhuang,fangdaomenchaizhuang,menchuangweibao/menchuangchaizhuang/fangdaomenchaizhuang.md
门窗维保,门窗拆装,玻璃门拆装,menchuangweibao,menchuangchaizhuang,bolimenchaizhuang,menchuangweibao/menchuangchaizhuang/bolimenchaizhuang.md
门窗维保,门窗拆装,推拉门拆装,menchuangweibao,menchuangchaizhuang,tuilamenchaizhuang,menchuangweibao/menchuangchaizhuang/tuilamenchaizhuang.md
门窗维保,门窗拆装,铝合金门拆装,menchuangweibao,menchuangchaizhuang,lvhejinmenchaizhuang,menchuangweibao/menchuangchaizhuang/lvhejinmenchaizhuang.md
门窗维保,门窗拆装,纱窗拆装,menchuangweibao,menchuangchaizhuang,shachuangchaizhuang,menchuangweibao/menchuangchaizhuang/shachuangchaizhuang.md
门窗维保,门窗拆装,淋浴房/隔断拆装,menchuangweibao,menchuangchaizhuang,linyufang-geduanchaizhuang,menchuangweibao/menchuangchaizhuang/linyufang-geduanchaizhuang.md
门窗维保,门窗拆装,塑料钢窗拆装,menchuangweibao,menchuangchaizhuang,suliaogangchuangchaizhuang,menchuangweibao/menchuangchaizhuang/suliaogangchuangchaizhuang.md
门窗维保,门窗拆装,防火门拆装,menchuangweibao,menchuangchaizhuang,fanghuomenchaizhuang,menchuangweibao/menchuangchaizhuang/fanghuomenchaizhuang.md
门窗维保,门窗拆装,折叠门拆装,menchuangweibao,menchuangchaizhuang,zhediemenchaizhuang,menchuangweibao/menchuangchaizhuang/zhediemenchaizhuang.md
门窗维保,门窗拆装,卷帘门拆装,menchuangweibao,menchuangchaizhuang,juanlianmenchaizhuang,menchuangweibao/menchuangchaizhuang/juanlianmenchaizhuang.md
门窗维保,门窗拆装,塑料钢门拆装,menchuangweibao,menchuangchaizhuang,suliaogangmenchaizhuang,menchuangweibao/menchuangchaizhuang/suliaogangmenchaizhuang.md
门窗维保,门窗拆装,木窗拆装,menchuangweibao,menchuangchaizhuang,muchuangchaizhuang,menchuangweibao/menchuangchaizhuang/muchuangchaizhuang.md
门窗维保,门窗拆装,旋转门拆装,menchuangweibao,menchuangchaizhuang,xuanzhuanmenchaizhuang,menchuangweibao/menchuangchaizhuang/xuanzhuanmenchaizhuang.md
门窗维保,阳光房,阳光房,menchuangweibao,yangguangfang,yangguangfang,menchuangweibao/yangguangfang/yangguangfang.md
数码办公,电脑维修,台式电脑,shumabangong,diannaoweixiu,taishidiannao,shumabangong/diannaoweixiu/taishidiannao.md
数码办公,电脑维修,笔记本电脑,shumabangong,diannaoweixiu,bijibendiannao,shumabangong/diannaoweixiu/bijibendiannao.md
数码办公,电脑维修,电脑远程维修,shumabangong,diannaoweixiu,diannaoyuanchengweixiu,shumabangong/diannaoweixiu/diannaoyuanchengweixiu.md
数码办公,办公用品,打印机,shumabangong,bangongyongpin,dayinji,shumabangong/bangongyongpin/dayinji.md
数码办公,办公用品,音响/功放,shumabangong,bangongyongpin,yinxiang-gongfang,shumabangong/bangongyongpin/yinxiang-gongfang.md
数码办公,办公用品,投影仪,shumabangong,bangongyongpin,touyingyi,shumabangong/bangongyongpin/touyingyi.md
数码办公,办公用品,鼠标,shumabangong,bangongyongpin,shubiao,shumabangong/bangongyongpin/shubiao.md
数码办公,办公用品,数码相机,shumabangong,bangongyongpin,shumaxiangji,shumabangong/bangongyongpin/shumaxiangji.md
数码办公,办公用品,智慧屏,shumabangong,bangongyongpin,zhihuiping,shumabangong/bangongyongpin/zhihuiping.md
数码办公,办公用品,无人机,shumabangong,bangongyongpin,wurenji,shumabangong/bangongyongpin/wurenji.md
数码办公,电脑清灰,笔记本清灰,shumabangong,diannaoqinghui,bijibenqinghui,shumabangong/diannaoqinghui/bijibenqinghui.md
数码办公,电脑清灰,台式电脑清灰,shumabangong,diannaoqinghui,taishidiannaoqinghui,shumabangong/diannaoqinghui/taishidiannaoqinghui.md
数码办公,系统安装,系统安装,shumabangong,xitonganzhuang,xitonganzhuang,shumabangong/xitonganzhuang/xitonganzhuang.md
数码办公,系统安装,AI 服务,shumabangong,xitonganzhuang,ai-fuwu,shumabangong/xitonganzhuang/ai-fuwu.md
数码办公,网络监控,监控摄像头,shumabangong,wangluojiankong,jiankongshexiangtou,shumabangong/wangluojiankong/jiankongshexiangtou.md
数码办公,网络监控,网络与服务器部署,shumabangong,wangluojiankong,wangluoyufuwuqibushu,shumabangong/wangluojiankong/wangluoyufuwuqibushu.md
数码办公,DIY装机,DIY装机,shumabangong,diyzhuangji,diyzhuangji,shumabangong/diyzhuangji/diyzhuangji.md
家具维保,桌椅床柜维修,衣柜维修,jiajuweibao,zhuoyichuangguiweixiu,yiguiweixiu,jiajuweibao/zhuoyichuangguiweixiu/yiguiweixiu.md
家具维保,桌椅床柜维修,简易床维修,jiajuweibao,zhuoyichuangguiweixiu,jianyichuangweixiu,jiajuweibao/zhuoyichuangguiweixiu/jianyichuangweixiu.md
家具维保,桌椅床柜维修,橱柜维修,jiajuweibao,zhuoyichuangguiweixiu,chuguiweixiu,jiajuweibao/zhuoyichuangguiweixiu/chuguiweixiu.md
家具维保,桌椅床柜维修,靠背椅维修,jiajuweibao,zhuoyichuangguiweixiu,kaobeiyiweixiu,jiajuweibao/zhuoyichuangguiweixiu/kaobeiyiweixiu.md
家具维保,桌椅床柜维修,餐桌维修,jiajuweibao,zhuoyichuangguiweixiu,canzhuoweixiu,jiajuweibao/zhuoyichuangguiweixiu/canzhuoweixiu.md
家具维保,桌椅床柜维修,书柜维修,jiajuweibao,zhuoyichuangguiweixiu,shuguiweixiu,jiajuweibao/zhuoyichuangguiweixiu/shuguiweixiu.md
家具维保,桌椅床柜维修,普通办公桌维修,jiajuweibao,zhuoyichuangguiweixiu,putongbangongzhuoweixiu,jiajuweibao/zhuoyichuangguiweixiu/putongbangongzhuoweixiu.md
家具维保,桌椅床柜维修,茶几斗柜维修,jiajuweibao,zhuoyichuangguiweixiu,chajidouguiweixiu,jiajuweibao/zhuoyichuangguiweixiu/chajidouguiweixiu.md
家具维保,桌椅床柜维修,浴室柜,jiajuweibao,zhuoyichuangguiweixiu,yushigui,jiajuweibao/zhuoyichuangguiweixiu/yushigui.md
家具维保,桌椅床柜维修,鞋柜维修,jiajuweibao,zhuoyichuangguiweixiu,xieguiweixiu,jiajuweibao/zhuoyichuangguiweixiu/xieguiweixiu.md
家具维保,桌椅床柜维修,电脑桌维修,jiajuweibao,zhuoyichuangguiweixiu,diannaozhuoweixiu,jiajuweibao/zhuoyichuangguiweixiu/diannaozhuoweixiu.md
家具维保,桌椅床柜维修,上下床维修,jiajuweibao,zhuoyichuangguiweixiu,shangxiachuangweixiu,jiajuweibao/zhuoyichuangguiweixiu/shangxiachuangweixiu.md
家具维保,桌椅床柜维修,铝合金衣柜维修,jiajuweibao,zhuoyichuangguiweixiu,lvhejinyiguiweixiu,jiajuweibao/zhuoyichuangguiweixiu/lvhejinyiguiweixiu.md
家具维保,桌椅床柜维修,化妆桌维修,jiajuweibao,zhuoyichuangguiweixiu,huazhuangzhuoweixiu,jiajuweibao/zhuoyichuangguiweixiu/huazhuangzhuoweixiu.md
家具维保,桌椅床柜维修,子母床维修,jiajuweibao,zhuoyichuangguiweixiu,zimuchuangweixiu,jiajuweibao/zhuoyichuangguiweixiu/zimuchuangweixiu.md
家具维保,桌椅床柜维修,宠物家具,jiajuweibao,zhuoyichuangguiweixiu,chongwujiaju,jiajuweibao/zhuoyichuangguiweixiu/chongwujiaju.md
家具维保,桌椅床柜组装,简易床组装,jiajuweibao,zhuoyichuangguizuzhuang,jianyichuangzuzhuang,jiajuweibao/zhuoyichuangguizuzhuang/jianyichuangzuzhuang.md
家具维保,桌椅床柜组装,衣柜组装,jiajuweibao,zhuoyichuangguizuzhuang,yiguizuzhuang,jiajuweibao/zhuoyichuangguizuzhuang/yiguizuzhuang.md
家具维保,桌椅床柜组装,书柜组装,jiajuweibao,zhuoyichuangguizuzhuang,shuguizuzhuang,jiajuweibao/zhuoyichuangguizuzhuang/shuguizuzhuang.md
家具维保,桌椅床柜组装,橱柜组装,jiajuweibao,zhuoyichuangguizuzhuang,chuguizuzhuang,jiajuweibao/zhuoyichuangguizuzhuang/chuguizuzhuang.md
家具维保,桌椅床柜组装,普通办公桌组装,jiajuweibao,zhuoyichuangguizuzhuang,putongbangongzhuozuzhuang,jiajuweibao/zhuoyichuangguizuzhuang/putongbangongzhuozuzhuang.md
家具维保,桌椅床柜组装,鞋柜组装,jiajuweibao,zhuoyichuangguizuzhuang,xieguizuzhuang,jiajuweibao/zhuoyichuangguizuzhuang/xieguizuzhuang.md
家具维保,桌椅床柜组装,电脑桌组装,jiajuweibao,zhuoyichuangguizuzhuang,diannaozhuozuzhuang,jiajuweibao/zhuoyichuangguizuzhuang/diannaozhuozuzhuang.md
家具维保,桌椅床柜组装,上下床组装,jiajuweibao,zhuoyichuangguizuzhuang,shangxiachuangzuzhuang,jiajuweibao/zhuoyichuangguizuzhuang/shangxiachuangzuzhuang.md
家具维保,桌椅床柜组装,浴室柜组装,jiajuweibao,zhuoyichuangguizuzhuang,yushiguizuzhuang,jiajuweibao/zhuoyichuangguizuzhuang/yushiguizuzhuang.md
家具维保,桌椅床柜组装,餐桌组装,jiajuweibao,zhuoyichuangguizuzhuang,canzhuozuzhuang,jiajuweibao/zhuoyichuangguizuzhuang/canzhuozuzhuang.md
家具维保,桌椅床柜组装,茶几斗柜组装,jiajuweibao,zhuoyichuangguizuzhuang,chajidouguizuzhuang,jiajuweibao/zhuoyichuangguizuzhuang/chajidouguizuzhuang.md
家具维保,桌椅床柜组装,靠背椅组装,jiajuweibao,zhuoyichuangguizuzhuang,kaobeiyizuzhuang,jiajuweibao/zhuoyichuangguizuzhuang/kaobeiyizuzhuang.md
家具维保,桌椅床柜组装,化妆桌组装,jiajuweibao,zhuoyichuangguizuzhuang,huazhuangzhuozuzhuang,jiajuweibao/zhuoyichuangguizuzhuang/huazhuangzhuozuzhuang.md
家具维保,桌椅床柜组装,沙发组装,jiajuweibao,zhuoyichuangguizuzhuang,shafazuzhuang,jiajuweibao/zhuoyichuangguizuzhuang/shafazuzhuang.md
家具维保,桌椅床柜组装,宠物家具组装,jiajuweibao,zhuoyichuangguizuzhuang,chongwujiajuzuzhuang,jiajuweibao/zhuoyichuangguizuzhuang/chongwujiajuzuzhuang.md
家具维保,桌椅床柜组装,铝合金衣柜组装,jiajuweibao,zhuoyichuangguizuzhuang,lvhejinyiguizuzhuang,jiajuweibao/zhuoyichuangguizuzhuang/lvhejinyiguizuzhuang.md
家具维保,桌椅床柜组装,子母床组装,jiajuweibao,zhuoyichuangguizuzhuang,zimuchuangzuzhuang,jiajuweibao/zhuoyichuangguizuzhuang/zimuchuangzuzhuang.md
家具维保,桌椅床柜组装,户外家具组装,jiajuweibao,zhuoyichuangguizuzhuang,huwaijiajuzuzhuang,jiajuweibao/zhuoyichuangguizuzhuang/huwaijiajuzuzhuang.md
家具维保,家具翻新,沙发翻新,jiajuweibao,jiajufanxin,shafafanxin,jiajuweibao/jiajufanxin/shafafanxin.md
家具维保,家具翻新,柜类补漆,jiajuweibao,jiajufanxin,guileibuqi,jiajuweibao/jiajufanxin/guileibuqi.md
家具维保,家具翻新,门窗补漆,jiajuweibao,jiajufanxin,menchuangbuqi,jiajuweibao/jiajufanxin/menchuangbuqi.md
家具维保,家具翻新,桌椅补漆,jiajuweibao,jiajufanxin,zhuoyibuqi,jiajuweibao/jiajufanxin/zhuoyibuqi.md
家具维保,家具翻新,房屋打胶,jiajuweibao,jiajufanxin,fangwudajiao,jiajuweibao/jiajufanxin/fangwudajiao.md
家具维保,家具翻新,门窗改色,jiajuweibao,jiajufanxin,menchuanggaise,jiajuweibao/jiajufanxin/menchuanggaise.md
家具维保,家具翻新,瓷砖补漆,jiajuweibao,jiajufanxin,cizhuanbuqi,jiajuweibao/jiajufanxin/cizhuanbuqi.md
家具维保,家具翻新,家具贴膜,jiajuweibao,jiajufanxin,jiajutiemo,jiajuweibao/jiajufanxin/jiajutiemo.md
家具维保,家具翻新,木地板,jiajuweibao,jiajufanxin,mudiban,jiajuweibao/jiajufanxin/mudiban.md
家电安装,常用家电,空调,jiadiananzhuang,changyongjiadian,kongtiao,jiadiananzhuang/changyongjiadian/kongtiao.md
家电安装,常用家电,电视,jiadiananzhuang,changyongjiadian,dianshi,jiadiananzhuang/changyongjiadian/dianshi.md
家电安装,常用家电,热水器,jiadiananzhuang,changyongjiadian,reshuiqi,jiadiananzhuang/changyongjiadian/reshuiqi.md
家电安装,常用家电,油烟机,jiadiananzhuang,changyongjiadian,youyanji,jiadiananzhuang/changyongjiadian/youyanji.md
家电安装,常用家电,洗衣机,jiadiananzhuang,changyongjiadian,xiyiji,jiadiananzhuang/changyongjiadian/xiyiji.md
家电安装,常用家电,燃气灶,jiadiananzhuang,changyongjiadian,ranqizao,jiadiananzhuang/changyongjiadian/ranqizao.md
家电安装,常用家电,冰箱,jiadiananzhuang,changyongjiadian,bingxiang,jiadiananzhuang/changyongjiadian/bingxiang.md
家电安装,生活电器,净水器,jiadiananzhuang,shenghuodianqi,jingshuiqi,jiadiananzhuang/shenghuodianqi/jingshuiqi.md
家电安装,生活电器,健身器械,jiadiananzhuang,shenghuodianqi,jianshenqixie,jiadiananzhuang/shenghuodianqi/jianshenqixie.md
家电安装,生活电器,按摩椅,jiadiananzhuang,shenghuodianqi,anmoyi,jiadiananzhuang/shenghuodianqi/anmoyi.md
家电安装,生活电器,干手器,jiadiananzhuang,shenghuodianqi,ganshouqi,jiadiananzhuang/shenghuodianqi/ganshouqi.md
家电安装,生活电器,回水器,jiadiananzhuang,shenghuodianqi,huishuiqi,jiadiananzhuang/shenghuodianqi/huishuiqi.md
家电安装,厨房电器,电热水龙头,jiadiananzhuang,chufangdianqi,dianreshuilongtou,jiadiananzhuang/chufangdianqi/dianreshuilongtou.md
家电安装,厨房电器,洗碗机,jiadiananzhuang,chufangdianqi,xiwanji,jiadiananzhuang/chufangdianqi/xiwanji.md
家电安装,厨房电器,消毒柜,jiadiananzhuang,chufangdianqi,xiaodugui,jiadiananzhuang/chufangdianqi/xiaodugui.md
管道疏通,管道疏通,地漏疏通,guandaoshutong,guandaoshutong,diloushutong,guandaoshutong/guandaoshutong/diloushutong.md
管道疏通,管道疏通,马桶疏通,guandaoshutong,guandaoshutong,matongshutong,guandaoshutong/guandaoshutong/matongshutong.md
管道疏通,管道疏通,洗菜盆疏通,guandaoshutong,guandaoshutong,xicaipenshutong,guandaoshutong/guandaoshutong/xicaipenshutong.md
管道疏通,管道疏通,蹲便疏通,guandaoshutong,guandaoshutong,dunbianshutong,guandaoshutong/guandaoshutong/dunbianshutong.md
管道疏通,管道疏通,洗手盆疏通,guandaoshutong,guandaoshutong,xishoupenshutong,guandaoshutong/guandaoshutong/xishoupenshutong.md
管道疏通,管道疏通,大型管道,guandaoshutong,guandaoshutong,daxingguandao,guandaoshutong/guandaoshutong/daxingguandao.md
管道疏通,管道疏通,小便斗疏通,guandaoshutong,guandaoshutong,xiaobiandoushutong,guandaoshutong/guandaoshutong/xiaobiandoushutong.md
管道疏通,管道疏通,浴缸疏通,guandaoshutong,guandaoshutong,yugangshutong,guandaoshutong/guandaoshutong/yugangshutong.md
管道疏通,管道疏通,管道疏通,guandaoshutong,guandaoshutong,guandaoshutong,guandaoshutong/guandaoshutong/guandaoshutong.md
防水补漏,家庭防水,其他防水,fangshuibulou,jiatingfangshui,qitafangshui,fangshuibulou/jiatingfangshui/qitafangshui.md
防水补漏,家庭防水,卫生间防水,fangshuibulou,jiatingfangshui,weishengjianfangshui,fangshuibulou/jiatingfangshui/weishengjianfangshui.md
防水补漏,家庭防水,屋顶防水,fangshuibulou,jiatingfangshui,wudingfangshui,fangshuibulou/jiatingfangshui/wudingfangshui.md
防水补漏,家庭防水,阳台防水,fangshuibulou,jiatingfangshui,yangtaifangshui,fangshuibulou/jiatingfangshui/yangtaifangshui.md
防水补漏,家庭防水,窗台防水,fangshuibulou,jiatingfangshui,chuangtaifangshui,fangshuibulou/jiatingfangshui/chuangtaifangshui.md
防水补漏,家庭防水,厨房防水,fangshuibulou,jiatingfangshui,chufangfangshui,fangshuibulou/jiatingfangshui/chufangfangshui.md
防水补漏,室外防水,外墙防水,fangshuibulou,shiwaifangshui,waiqiangfangshui,fangshuibulou/shiwaifangshui/waiqiangfangshui.md
防水补漏,室外防水,地下室防水,fangshuibulou,shiwaifangshui,dixiashifangshui,fangshuibulou/shiwaifangshui/dixiashifangshui.md
防水补漏,室外防水,其它工程防水,fangshuibulou,shiwaifangshui,qitagongchengfangshui,fangshuibulou/shiwaifangshui/qitagongchengfangshui.md
防水补漏,室外防水,游泳池防水,fangshuibulou,shiwaifangshui,youyongchifangshui,fangshuibulou/shiwaifangshui/youyongchifangshui.md
防水补漏,室外防水,涵洞防水,fangshuibulou,shiwaifangshui,handongfangshui,fangshuibulou/shiwaifangshui/handongfangshui.md
墙面,局部刷新,墙面局部修补,qiangmian,jubushuaxin,qiangmianjubuxiubu,qiangmian/jubushuaxin/qiangmianjubuxiubu.md
墙面,墙纸墙布,局部修补,qiangmian,qiangzhiqiangbu,jubuxiubu,qiangmian/qiangzhiqiangbu/jubuxiubu.md
墙面,墙纸墙布,整体铺贴,qiangmian,qiangzhiqiangbu,zhengtiputie,qiangmian/qiangzhiqiangbu/zhengtiputie.md
墙面,全屋刷新,墙面全屋刷新,qiangmian,quanwushuaxin,qiangmianquanwushuaxin,qiangmian/quanwushuaxin/qiangmianquanwushuaxin.md
商用设备,设备维修,制冷设备维修,shangyongshebei,shebeiweixiu,zhilengshebeiweixiu,shangyongshebei/shebeiweixiu/zhilengshebeiweixiu.md
商用设备,设备维修,厨房设备维修,shangyongshebei,shebeiweixiu,chufangshebeiweixiu,shangyongshebei/shebeiweixiu/chufangshebeiweixiu.md
商用设备,设备维修,热水设备维修,shangyongshebei,shebeiweixiu,reshuishebeiweixiu,shangyongshebei/shebeiweixiu/reshuishebeiweixiu.md
商用设备,设备清洗,厨房设备,shangyongshebei,shebeiqingxi,chufangshebei,shangyongshebei/shebeiqingxi/chufangshebei.md
商用设备,设备清洗,制冷设备,shangyongshebei,shebeiqingxi,zhilengshebei,shangyongshebei/shebeiqingxi/zhilengshebei.md
商用设备,设备清洗,热水设备,shangyongshebei,shebeiqingxi,reshuishebei,shangyongshebei/shebeiqingxi/reshuishebei.md
商用设备,设备清洗,工业产品,shangyongshebei,shebeiqingxi,gongyechanpin,shangyongshebei/shebeiqingxi/gongyechanpin.md
商用设备,设备安装,制冷设备安装,shangyongshebei,shebeianzhuang,zhilengshebeianzhuang,shangyongshebei/shebeianzhuang/zhilengshebeianzhuang.md
商用设备,年度维保,中央空调维保,shangyongshebei,nianduweibao,zhongyangkongtiaoweibao,shangyongshebei/nianduweibao/zhongyangkongtiaoweibao.md
商用设备,充电桩,充电桩,shangyongshebei,chongdianzhuang,chongdianzhuang,shangyongshebei/chongdianzhuang/chongdianzhuang.md
修锁换锁,修锁换锁,开锁,xiusuohuansuo,xiusuohuansuo,kaisuo,xiusuohuansuo/xiusuohuansuo/kaisuo.md
修锁换锁,修锁换锁,换锁,xiusuohuansuo,xiusuohuansuo,huansuo,xiusuohuansuo/xiusuohuansuo/huansuo.md
修锁换锁,修锁换锁,装锁,xiusuohuansuo,xiusuohuansuo,zhuangsuo,xiusuohuansuo/xiusuohuansuo/zhuangsuo.md
修锁换锁,开锁,房门锁开锁,xiusuohuansuo,kaisuo,fangmensuokaisuo,xiusuohuansuo/kaisuo/fangmensuokaisuo.md
修锁换锁,开锁,车门锁开锁,xiusuohuansuo,kaisuo,chemensuokaisuo,xiusuohuansuo/kaisuo/chemensuokaisuo.md
瓷砖地板,瓷砖修补,瓷砖修补,cizhuandiban,cizhuanxiubu,cizhuanxiubu,cizhuandiban/cizhuanxiubu/cizhuanxiubu.md
瓷砖地板,木地板修复,木地板修复,cizhuandiban,mudibanxiufu,mudibanxiufu,cizhuandiban/mudibanxiufu/mudibanxiufu.md
瓷砖地板,木地板修复,木地板安装,cizhuandiban,mudibanxiufu,mudibananzhuang,cizhuandiban/mudibanxiufu/mudibananzhuang.md
瓷砖地板,瓷砖美缝,瓷砖美缝,cizhuandiban,cizhuanmeifeng,cizhuanmeifeng,cizhuandiban/cizhuanmeifeng/cizhuanmeifeng.md
瓷砖地板,踢脚线更换,踢脚线更换,cizhuandiban,tijiaoxiangenghuan,tijiaoxiangenghuan,cizhuandiban/tijiaoxiangenghuan/tijiaoxiangenghuan.md
瓷砖地板,石材修复,石材修复,cizhuandiban,shicaixiufu,shicaixiufu,cizhuandiban/shicaixiufu/shicaixiufu.md
瓷砖地板,瓷砖空鼓修复,瓷砖空鼓修复,cizhuandiban,cizhuankongguxiufu,cizhuankongguxiufu,cizhuandiban/cizhuankongguxiufu/cizhuankongguxiufu.md
瓷砖地板,瓷砖铺贴,瓷砖铺贴,cizhuandiban,cizhuanputie,cizhuanputie,cizhuandiban/cizhuanputie/cizhuanputie.md
厨卫改造,卫生间改造,卫生间局部改造,chuweigaizao,weishengjiangaizao,weishengjianjubugaizao,chuweigaizao/weishengjiangaizao/weishengjianjubugaizao.md
厨卫改造,卫生间改造,卫生间砌墙,chuweigaizao,weishengjiangaizao,weishengjianqiqiang,chuweigaizao/weishengjiangaizao/weishengjianqiqiang.md
厨卫改造,卫生间改造,旧房翻新,chuweigaizao,weishengjiangaizao,jiufangfanxin,chuweigaizao/weishengjiangaizao/jiufangfanxin.md
厨卫改造,卫生间改造,蹲便改装马桶,chuweigaizao,weishengjiangaizao,dunbiangaizhuangmatong,chuweigaizao/weishengjiangaizao/dunbiangaizhuangmatong.md
厨卫改造,卫生间改造,卫生间整体改造,chuweigaizao,weishengjiangaizao,weishengjianzhengtigaizao,chuweigaizao/weishengjiangaizao/weishengjianzhengtigaizao.md
厨卫改造,厨房改造,厨房局部改造,chuweigaizao,chufanggaizao,chufangjubugaizao,chuweigaizao/chufanggaizao/chufangjubugaizao.md
厨卫改造,厨房改造,儿童房改造,chuweigaizao,chufanggaizao,ertongfanggaizao,chuweigaizao/chufanggaizao/ertongfanggaizao.md
厨卫改造,厨房改造,厨房整体改造,chuweigaizao,chufanggaizao,chufangzhengtigaizao,chuweigaizao/chufanggaizao/chufangzhengtigaizao.md
厨卫改造,厨房改造,橱柜整体更换,chuweigaizao,chufanggaizao,chuguizhengtigenghuan,chuweigaizao/chufanggaizao/chuguizhengtigenghuan.md
厨卫改造,其他局部改造,其他局部改造,chuweigaizao,qitajubugaizao,qitajubugaizao,chuweigaizao/qitajubugaizao/qitajubugaizao.md
厨卫改造,全屋检测,全屋检测,chuweigaizao,quanwujiance,quanwujiance,chuweigaizao/quanwujiance/quanwujiance.md
墙面全屋刷新,墙面刷新,全屋刷新,qiangmianquanwushuaxin,qiangmianshuaxin,quanwushuaxin,qiangmianquanwushuaxin/qiangmianshuaxin/quanwushuaxin.md
墙面全屋刷新,墙面刷新,艺术漆刷新,qiangmianquanwushuaxin,qiangmianshuaxin,yishuqishuaxin,qiangmianquanwushuaxin/qiangmianshuaxin/yishuqishuaxin.md
手机维修,苹果,iPhone维修,shoujiweixiu,pingguo,iphoneweixiu,shoujiweixiu/pingguo/iphoneweixiu.md
手机维修,苹果,iPad维修,shoujiweixiu,pingguo,ipadweixiu,shoujiweixiu/pingguo/ipadweixiu.md
手机维修,华为,华为手机维修,shoujiweixiu,huawei,huaweishoujiweixiu,shoujiweixiu/huawei/huaweishoujiweixiu.md
手机维修,小米,小米手机维修,shoujiweixiu,xiaomi,xiaomishoujiweixiu,shoujiweixiu/xiaomi/xiaomishoujiweixiu.md
手机维修,VIVO,VIVO手机维修,shoujiweixiu,vivo,vivoshoujiweixiu,shoujiweixiu/vivo/vivoshoujiweixiu.md
手机维修,OPPO,OPPO手机维修,shoujiweixiu,oppo,opposhoujiweixiu,shoujiweixiu/oppo/opposhoujiweixiu.md
手机维修,荣耀,荣耀手机维修,shoujiweixiu,rongyao,rongyaoshoujiweixiu,shoujiweixiu/rongyao/rongyaoshoujiweixiu.md
手机维修,三星,三星手机维修,shoujiweixiu,sanxing,sanxingshoujiweixiu,shoujiweixiu/sanxing/sanxingshoujiweixiu.md
手机维修,一加,一加手机维修,shoujiweixiu,yijia,yijiashoujiweixiu,shoujiweixiu/yijia/yijiashoujiweixiu.md
手机维修,其他品牌,其他品牌手机维修,shoujiweixiu,qitapinpai,qitapinpaishoujiweixiu,shoujiweixiu/qitapinpai/qitapinpaishoujiweixiu.md
手机维修,智能穿戴,智能手表维修,shoujiweixiu,zhinengchuandai,zhinengshoubiaoweixiu,shoujiweixiu/zhinengchuandai/zhinengshoubiaoweixiu.md
手机维修,智能穿戴,智能手环维修,shoujiweixiu,zhinengchuandai,zhinengshouhuanweixiu,shoujiweixiu/zhinengchuandai/zhinengshouhuanweixiu.md
手机维修,到店维修,到店维修,shoujiweixiu,daodianweixiu,daodianweixiu,shoujiweixiu/daodianweixiu/daodianweixiu.md
门窗定制,门窗定制,窗类定制,menchuangdingzhi,menchuangdingzhi,chuangleidingzhi,menchuangdingzhi/menchuangdingzhi/chuangleidingzhi.md
门窗定制,门窗定制,门类定制,menchuangdingzhi,menchuangdingzhi,menleidingzhi,menchuangdingzhi/menchuangdingzhi/menleidingzhi.md
门窗定制,门窗定制,阳光房定制,menchuangdingzhi,menchuangdingzhi,yangguangfangdingzhi,menchuangdingzhi/menchuangdingzhi/yangguangfangdingzhi.md
旧房局改,卫生间整体改造,卫生间整体改造,jiufangjugai,weishengjianzhengtigaizao,weishengjianzhengtigaizao,jiufangjugai/weishengjianzhengtigaizao/weishengjianzhengtigaizao.md
旧房局改,厨房整体改造,厨房整体改造,jiufangjugai,chufangzhengtigaizao,chufangzhengtigaizao,jiufangjugai/chufangzhengtigaizao/chufangzhengtigaizao.md
旧房局改,厨房整体改造,橱柜整体更换,jiufangjugai,chufangzhengtigaizao,chuguizhengtigenghuan,jiufangjugai/chufangzhengtigaizao/chuguizhengtigenghuan.md
旧房局改,阳台改造,阳台整体改造,jiufangjugai,yangtaigaizao,yangtaizhengtigaizao,jiufangjugai/yangtaigaizao/yangtaizhengtigaizao.md
其他,其他分类,其他分类,qita,qitafenlei,qitafenlei,qita/qitafenlei/qitafenlei.md
